R,Alpha,Trainable Params,Peak GPU (GB),Time (s),Final Loss,Samples/sec
4,8,563200.0,3.1068167686462402,16.311280727386475,0.849736007433089,30.65363219213713
8,16,1126400.0,3.1163954734802246,16.16858696937561,0.7393287533805484,30.92416182978968
8,16,1126400.0,2.6006102561950684,7.9490625858306885,1.1917354202270507,12.580099718707883
8,16,,,,,
8,16,,,,,
16,32,2252800.0,3.1355528831481934,16.059783220291138,0.6390327461182125,31.13367055716309
32,32,9011200.0,3.378549098968506,20.878034114837646,0.5509733207642086,23.948614953390603
